{"cameraMode":{"drawMode":0,"name":"Shaded","section":"Shading Mode"},"sceneLighting":false,"audioPlay":false,"sceneViewState":{"showFog":true,"showMaterialUpdate":false,"showSkybox":false,"showFlares":true,"showImageEffects":true,"showParticleSystems":true},"in2DMode":false,"pivot":{"x":0.036318227648735049,"y":0.9131253957748413,"z":-0.017031865194439889},"rotation":{"x":0.2425422966480255,"y":0.7533321976661682,"z":-0.38446757197380068,"w":0.47524088621139529},"size":3.8985023498535158,"orthographic":false}