{"cameraMode":{"drawMode":0,"name":"Shaded","section":"Shading Mode"},"sceneLighting":true,"audioPlay":false,"sceneViewState":{"showFog":true,"showMaterialUpdate":false,"showSkybox":true,"showFlares":true,"showImageEffects":true,"showParticleSystems":true},"in2DMode":false,"pivot":{"x":4.545645236968994,"y":-2.7781174182891847,"z":12.231554985046387},"rotation":{"x":-0.15625561773777009,"y":-0.0023781906347721817,"z":0.00037454665289260447,"w":-0.9877179861068726},"size":23.447568893432618,"orthographic":false}