{"cameraMode":{"drawMode":0,"name":"Shaded","section":"Shading Mode"},"sceneLighting":false,"audioPlay":false,"sceneViewState":{"showFog":true,"showMaterialUpdate":false,"showSkybox":false,"showFlares":true,"showImageEffects":true,"showParticleSystems":true},"in2DMode":false,"pivot":{"x":0.029717087745666505,"y":7.0701704025268559,"z":0.2962917387485504},"rotation":{"x":0.000028195414415677078,"y":0.993818461894989,"z":-0.11108044534921646,"w":0.00029994547367095947},"size":15.653146743774414,"orthographic":false}